{"cameraMode":{"drawMode":0,"name":"Shaded","section":"Shading Mode"},"sceneLighting":false,"audioPlay":false,"sceneViewState":{"showFog":true,"showMaterialUpdate":true,"showSkybox":true,"showFlares":true,"showImageEffects":true,"showParticleSystems":true},"in2DMode":false,"pivot":{"x":-8.204248428344727,"y":9.45141315460205,"z":3.674379587173462},"rotation":{"x":-0.06481127440929413,"y":0.9026314616203308,"z":-0.14642442762851716,"w":-0.39951953291893008},"size":4.993932723999023,"orthographic":false}